source_id,source_name,iso3_country,sector,subsector,start_time,end_time,source_type,capacity,capacity_factor,activity,co2_emissions_factor,ch4_emissions_factor,n2o_emissions_factor,co2_emissions,ch4_emissions,n2o_emissions,total_co2e_20yrgwp,created_date,modified_date,total_co2e_100yrgwp
116921,Aketi Urban Area in Aketi (ville) Town,COD,transportation,road-transportation,2021-01-01 00:00:00,2021-12-31 00:00:00,,low,,low,low,low,low,low,low,low,low,2023-09-05 00:00:00,2023-10-27 16:00:00,low
116921,Aketi Urban Area in Aketi (ville) Town,COD,transportation,road-transportation,2022-01-01 00:00:00,2022-12-31 00:00:00,,low,,low,low,low,low,low,low,low,low,2023-09-05 00:00:00,2023-10-27 16:00:00,low
115012,Ankoro Urban Area in Manono Territory,COD,transportation,road-transportation,2021-01-01 00:00:00,2021-12-31 00:00:00,,low,,low,low,low,low,low,low,low,low,2023-09-05 00:00:00,2023-10-27 16:00:00,low
115012,Ankoro Urban Area in Manono Territory,COD,transportation,road-transportation,2022-01-01 00:00:00,2022-12-31 00:00:00,,low,,low,low,low,low,low,low,low,low,2023-09-05 00:00:00,2023-10-27 16:00:00,low
117595,Ariwara Urban Area in Ariwara Town,COD,transportation,road-transportation,2021-01-01 00:00:00,2021-12-31 00:00:00,,low,,low,low,low,low,low,low,low,low,2023-09-05 00:00:00,2023-10-27 16:00:00,low
117595,Ariwara Urban Area in Ariwara Town,COD,transportation,road-transportation,2022-01-01 00:00:00,2022-12-31 00:00:00,,low,,low,low,low,low,low,low,low,low,2023-09-05 00:00:00,2023-10-27 16:00:00,low
116219,Ariwara Urban Area in Aru Territory,COD,transportation,road-transportation,2021-01-01 00:00:00,2021-12-31 00:00:00,,low,,low,low,low,low,low,low,low,low,2023-09-05 00:00:00,2023-10-27 16:00:00,low
116219,Ariwara Urban Area in Aru Territory,COD,transportation,road-transportation,2022-01-01 00:00:00,2022-12-31 00:00:00,,low,,low,low,low,low,low,low,low,low,2023-09-05 00:00:00,2023-10-27 16:00:00,low
114955,Aru Urban Area in Aru (ville) Town,COD,transportation,road-transportation,2021-01-01 00:00:00,2021-12-31 00:00:00,,low,,low,low,low,low,low,low,low,low,2023-09-05 00:00:00,2023-10-27 16:00:00,low
114955,Aru Urban Area in Aru (ville) Town,COD,transportation,road-transportation,2022-01-01 00:00:00,2022-12-31 00:00:00,,low,,low,low,low,low,low,low,low,low,2023-09-05 00:00:00,2023-10-27 16:00:00,low
120313,Aru Urban Area in Aru Territory,COD,transportation,road-transportation,2021-01-01 00:00:00,2021-12-31 00:00:00,,low,,low,low,low,low,low,low,low,low,2023-09-05 00:00:00,2023-10-27 16:00:00,low
120313,Aru Urban Area in Aru Territory,COD,transportation,road-transportation,2022-01-01 00:00:00,2022-12-31 00:00:00,,low,,low,low,low,low,low,low,low,low,2023-09-05 00:00:00,2023-10-27 16:00:00,low
118545,Banalia Urban Area in Banalia Territory,COD,transportation,road-transportation,2021-01-01 00:00:00,2021-12-31 00:00:00,,low,,low,low,low,low,low,low,low,low,2023-09-05 00:00:00,2023-10-27 16:00:00,low
118545,Banalia Urban Area in Banalia Territory,COD,transportation,road-transportation,2022-01-01 00:00:00,2022-12-31 00:00:00,,low,,low,low,low,low,low,low,low,low,2023-09-05 00:00:00,2023-10-27 16:00:00,low
110328,Bandundu Urban Area in Bandundu Territory,COD,transportation,road-transportation,2021-01-01 00:00:00,2021-12-31 00:00:00,,low,,low,low,low,low,low,low,low,low,2023-09-05 00:00:00,2023-10-27 16:00:00,low
110328,Bandundu Urban Area in Bandundu Territory,COD,transportation,road-transportation,2022-01-01 00:00:00,2022-12-31 00:00:00,,low,,low,low,low,low,low,low,low,low,2023-09-05 00:00:00,2023-10-27 16:00:00,low
119400,Bandundu Urban Area in Kwamouth Territory,COD,transportation,road-transportation,2021-01-01 00:00:00,2021-12-31 00:00:00,,low,,low,low,low,low,low,low,low,low,2023-09-05 00:00:00,2023-10-27 16:00:00,low
119400,Bandundu Urban Area in Kwamouth Territory,COD,transportation,road-transportation,2022-01-01 00:00:00,2022-12-31 00:00:00,,low,,low,low,low,low,low,low,low,low,2023-09-05 00:00:00,2023-10-27 16:00:00,low
118193,Bangui Urban Area in Zongo Territory,COD,transportation,road-transportation,2021-01-01 00:00:00,2021-12-31 00:00:00,,low,,low,low,low,low,low,low,low,low,2023-09-05 00:00:00,2023-10-27 16:00:00,low
118193,Bangui Urban Area in Zongo Territory,COD,transportation,road-transportation,2022-01-01 00:00:00,2022-12-31 00:00:00,,low,,low,low,low,low,low,low,low,low,2023-09-05 00:00:00,2023-10-27 16:00:00,low
119325,Baraka Urban Area in Baraka Town,COD,transportation,road-transportation,2021-01-01 00:00:00,2021-12-31 00:00:00,,low,,low,low,low,low,low,low,low,low,2023-09-05 00:00:00,2023-10-27 16:00:00,low
119325,Baraka Urban Area in Baraka Town,COD,transportation,road-transportation,2022-01-01 00:00:00,2022-12-31 00:00:00,,low,,low,low,low,low,low,low,low,low,2023-09-05 00:00:00,2023-10-27 16:00:00,low
112879,Baraka Urban Area in Fizi Territory,COD,transportation,road-transportation,2021-01-01 00:00:00,2021-12-31 00:00:00,,low,,low,low,low,low,low,low,low,low,2023-09-05 00:00:00,2023-10-27 16:00:00,low
112879,Baraka Urban Area in Fizi Territory,COD,transportation,road-transportation,2022-01-01 00:00:00,2022-12-31 00:00:00,,low,,low,low,low,low,low,low,low,low,2023-09-05 00:00:00,2023-10-27 16:00:00,low
114652,Basankusu Urban Area in Basankusu (ville) Town,COD,transportation,road-transportation,2021-01-01 00:00:00,2021-12-31 00:00:00,,low,,low,low,low,low,low,low,low,low,2023-09-05 00:00:00,2023-10-27 16:00:00,low
114652,Basankusu Urban Area in Basankusu (ville) Town,COD,transportation,road-transportation,2022-01-01 00:00:00,2022-12-31 00:00:00,,low,,low,low,low,low,low,low,low,low,2023-09-05 00:00:00,2023-10-27 16:00:00,low
115445,Bena-Leka Urban Area in Demba Territory,COD,transportation,road-transportation,2021-01-01 00:00:00,2021-12-31 00:00:00,,low,,low,low,low,low,low,low,low,low,2023-09-05 00:00:00,2023-10-27 16:00:00,low
115445,Bena-Leka Urban Area in Demba Territory,COD,transportation,road-transportation,2022-01-01 00:00:00,2022-12-31 00:00:00,,low,,low,low,low,low,low,low,low,low,2023-09-05 00:00:00,2023-10-27 16:00:00,low
107273,Beni Urban Area in Beni Territory,COD,transportation,road-transportation,2021-01-01 00:00:00,2021-12-31 00:00:00,,low,,low,low,low,low,low,low,low,low,2023-09-05 00:00:00,2023-10-27 16:00:00,low
107273,Beni Urban Area in Beni Territory,COD,transportation,road-transportation,2022-01-01 00:00:00,2022-12-31 00:00:00,,low,,low,low,low,low,low,low,low,low,2023-09-05 00:00:00,2023-10-27 16:00:00,low
117456,Boende Urban Area in Boende Territory,COD,transportation,road-transportation,2021-01-01 00:00:00,2021-12-31 00:00:00,,low,,low,low,low,low,low,low,low,low,2023-09-05 00:00:00,2023-10-27 16:00:00,low
117456,Boende Urban Area in Boende Territory,COD,transportation,road-transportation,2022-01-01 00:00:00,2022-12-31 00:00:00,,low,,low,low,low,low,low,low,low,low,2023-09-05 00:00:00,2023-10-27 16:00:00,low
110305,Boma Urban Area in Boma Territory,COD,transportation,road-transportation,2021-01-01 00:00:00,2021-12-31 00:00:00,,low,,low,low,low,low,low,low,low,low,2023-09-05 00:00:00,2023-10-27 16:00:00,low
110305,Boma Urban Area in Boma Territory,COD,transportation,road-transportation,2022-01-01 00:00:00,2022-12-31 00:00:00,,low,,low,low,low,low,low,low,low,low,2023-09-05 00:00:00,2023-10-27 16:00:00,low
108137,Bukavu Urban Area in Bukavu Town,COD,transportation,road-transportation,2021-01-01 00:00:00,2021-12-31 00:00:00,,low,,low,low,low,low,low,low,low,low,2023-09-05 00:00:00,2023-10-27 16:00:00,low
108137,Bukavu Urban Area in Bukavu Town,COD,transportation,road-transportation,2022-01-01 00:00:00,2022-12-31 00:00:00,,low,,low,low,low,low,low,low,low,low,2023-09-05 00:00:00,2023-10-27 16:00:00,low
117509,Bukavu Urban Area in Kabare Territory,COD,transportation,road-transportation,2021-01-01 00:00:00,2021-12-31 00:00:00,,low,,low,low,low,low,low,low,low,low,2023-09-05 00:00:00,2023-10-27 16:00:00,low
117509,Bukavu Urban Area in Kabare Territory,COD,transportation,road-transportation,2022-01-01 00:00:00,2022-12-31 00:00:00,,low,,low,low,low,low,low,low,low,low,2023-09-05 00:00:00,2023-10-27 16:00:00,low
111976,Bumba Urban Area in Bumba (ville) Town,COD,transportation,road-transportation,2021-01-01 00:00:00,2021-12-31 00:00:00,,low,,low,low,low,low,low,low,low,low,2023-09-05 00:00:00,2023-10-27 16:00:00,low
111976,Bumba Urban Area in Bumba (ville) Town,COD,transportation,road-transportation,2022-01-01 00:00:00,2022-12-31 00:00:00,,low,,low,low,low,low,low,low,low,low,2023-09-05 00:00:00,2023-10-27 16:00:00,low
117746,Bumba Urban Area in Bumba Territory,COD,transportation,road-transportation,2021-01-01 00:00:00,2021-12-31 00:00:00,,low,,low,low,low,low,low,low,low,low,2023-09-05 00:00:00,2023-10-27 16:00:00,low
117746,Bumba Urban Area in Bumba Territory,COD,transportation,road-transportation,2022-01-01 00:00:00,2022-12-31 00:00:00,,low,,low,low,low,low,low,low,low,low,2023-09-05 00:00:00,2023-10-27 16:00:00,low
109873,Bunia Urban Area in Bunia Town,COD,transportation,road-transportation,2021-01-01 00:00:00,2021-12-31 00:00:00,,low,,low,low,low,low,low,low,low,low,2023-09-05 00:00:00,2023-10-27 16:00:00,low
109873,Bunia Urban Area in Bunia Town,COD,transportation,road-transportation,2022-01-01 00:00:00,2022-12-31 00:00:00,,low,,low,low,low,low,low,low,low,low,2023-09-05 00:00:00,2023-10-27 16:00:00,low
115698,Bunia Urban Area in Irumu Territory,COD,transportation,road-transportation,2021-01-01 00:00:00,2021-12-31 00:00:00,,low,,low,low,low,low,low,low,low,low,2023-09-05 00:00:00,2023-10-27 16:00:00,low
115698,Bunia Urban Area in Irumu Territory,COD,transportation,road-transportation,2022-01-01 00:00:00,2022-12-31 00:00:00,,low,,low,low,low,low,low,low,low,low,2023-09-05 00:00:00,2023-10-27 16:00:00,low
117945,Businga Urban Area in Businga Territory,COD,transportation,road-transportation,2021-01-01 00:00:00,2021-12-31 00:00:00,,low,,low,low,low,low,low,low,low,low,2023-09-05 00:00:00,2023-10-27 16:00:00,low
117945,Businga Urban Area in Businga Territory,COD,transportation,road-transportation,2022-01-01 00:00:00,2022-12-31 00:00:00,,low,,low,low,low,low,low,low,low,low,2023-09-05 00:00:00,2023-10-27 16:00:00,low
114055,Buta Urban Area in Buta (ville) Town,COD,transportation,road-transportation,2021-01-01 00:00:00,2021-12-31 00:00:00,,low,,low,low,low,low,low,low,low,low,2023-09-05 00:00:00,2023-10-27 16:00:00,low
114055,Buta Urban Area in Buta (ville) Town,COD,transportation,road-transportation,2022-01-01 00:00:00,2022-12-31 00:00:00,,low,,low,low,low,low,low,low,low,low,2023-09-05 00:00:00,2023-10-27 16:00:00,low
118109,Buta Urban Area in Buta Territory,COD,transportation,road-transportation,2021-01-01 00:00:00,2021-12-31 00:00:00,,low,,low,low,low,low,low,low,low,low,2023-09-05 00:00:00,2023-10-27 16:00:00,low
118109,Buta Urban Area in Buta Territory,COD,transportation,road-transportation,2022-01-01 00:00:00,2022-12-31 00:00:00,,low,,low,low,low,low,low,low,low,low,2023-09-05 00:00:00,2023-10-27 16:00:00,low
107257,Butembo Urban Area in Butembo Town,COD,transportation,road-transportation,2021-01-01 00:00:00,2021-12-31 00:00:00,,low,,low,low,low,low,low,low,low,low,2023-09-05 00:00:00,2023-10-27 16:00:00,low
107257,Butembo Urban Area in Butembo Town,COD,transportation,road-transportation,2022-01-01 00:00:00,2022-12-31 00:00:00,,low,,low,low,low,low,low,low,low,low,2023-09-05 00:00:00,2023-10-27 16:00:00,low
117120,Butembo Urban Area in Lubero Territory,COD,transportation,road-transportation,2021-01-01 00:00:00,2021-12-31 00:00:00,,low,,low,low,low,low,low,low,low,low,2023-09-05 00:00:00,2023-10-27 16:00:00,low
117120,Butembo Urban Area in Lubero Territory,COD,transportation,road-transportation,2022-01-01 00:00:00,2022-12-31 00:00:00,,low,,low,low,low,low,low,low,low,low,2023-09-05 00:00:00,2023-10-27 16:00:00,low
120073,Butusande Urban Area in Rutshuru (ville) Town,COD,transportation,road-transportation,2021-01-01 00:00:00,2021-12-31 00:00:00,,low,,low,low,low,low,low,low,low,low,2023-09-05 00:00:00,2023-10-27 16:00:00,low
120073,Butusande Urban Area in Rutshuru (ville) Town,COD,transportation,road-transportation,2022-01-01 00:00:00,2022-12-31 00:00:00,,low,,low,low,low,low,low,low,low,low,2023-09-05 00:00:00,2023-10-27 16:00:00,low
116521,Butusande Urban Area in Rutshuru Territory,COD,transportation,road-transportation,2021-01-01 00:00:00,2021-12-31 00:00:00,,low,,low,low,low,low,low,low,low,low,2023-09-05 00:00:00,2023-10-27 16:00:00,low
116521,Butusande Urban Area in Rutshuru Territory,COD,transportation,road-transportation,2022-01-01 00:00:00,2022-12-31 00:00:00,,low,,low,low,low,low,low,low,low,low,2023-09-05 00:00:00,2023-10-27 16:00:00,low
116364,Dilolo Urban Area in Dilolo Territory,COD,transportation,road-transportation,2021-01-01 00:00:00,2021-12-31 00:00:00,,low,,low,low,low,low,low,low,low,low,2023-09-05 00:00:00,2023-10-27 16:00:00,low
116364,Dilolo Urban Area in Dilolo Territory,COD,transportation,road-transportation,2022-01-01 00:00:00,2022-12-31 00:00:00,,low,,low,low,low,low,low,low,low,low,2023-09-05 00:00:00,2023-10-27 16:00:00,low
112778,Dungu Urban Area in Dungu (ville) Town,COD,transportation,road-transportation,2021-01-01 00:00:00,2021-12-31 00:00:00,,low,,low,low,low,low,low,low,low,low,2023-09-05 00:00:00,2023-10-27 16:00:00,low
112778,Dungu Urban Area in Dungu (ville) Town,COD,transportation,road-transportation,2022-01-01 00:00:00,2022-12-31 00:00:00,,low,,low,low,low,low,low,low,low,low,2023-09-05 00:00:00,2023-10-27 16:00:00,low
112674,Fungurume Urban Area in Lubudi Territory,COD,transportation,road-transportation,2021-01-01 00:00:00,2021-12-31 00:00:00,,low,,low,low,low,low,low,low,low,low,2023-09-05 00:00:00,2023-10-27 16:00:00,low
112674,Fungurume Urban Area in Lubudi Territory,COD,transportation,road-transportation,2022-01-01 00:00:00,2022-12-31 00:00:00,,low,,low,low,low,low,low,low,low,low,2023-09-05 00:00:00,2023-10-27 16:00:00,low
115897,Gbadolite Urban Area in Gbadolite Territory,COD,transportation,road-transportation,2021-01-01 00:00:00,2021-12-31 00:00:00,,low,,low,low,low,low,low,low,low,low,2023-09-05 00:00:00,2023-10-27 16:00:00,low
115897,Gbadolite Urban Area in Gbadolite Territory,COD,transportation,road-transportation,2022-01-01 00:00:00,2022-12-31 00:00:00,,low,,low,low,low,low,low,low,low,low,2023-09-05 00:00:00,2023-10-27 16:00:00,low
109474,Gemena Urban Area in Gemena (ville) Town,COD,transportation,road-transportation,2021-01-01 00:00:00,2021-12-31 00:00:00,,low,,low,low,low,low,low,low,low,low,2023-09-05 00:00:00,2023-10-27 16:00:00,low
109474,Gemena Urban Area in Gemena (ville) Town,COD,transportation,road-transportation,2022-01-01 00:00:00,2022-12-31 00:00:00,,low,,low,low,low,low,low,low,low,low,2023-09-05 00:00:00,2023-10-27 16:00:00,low
117691,Gemena Urban Area in Gemena Territory,COD,transportation,road-transportation,2021-01-01 00:00:00,2021-12-31 00:00:00,,low,,low,low,low,low,low,low,low,low,2023-09-05 00:00:00,2023-10-27 16:00:00,low
117691,Gemena Urban Area in Gemena Territory,COD,transportation,road-transportation,2022-01-01 00:00:00,2022-12-31 00:00:00,,low,,low,low,low,low,low,low,low,low,2023-09-05 00:00:00,2023-10-27 16:00:00,low
109588,Goma Urban Area in Goma Town,COD,transportation,road-transportation,2021-01-01 00:00:00,2021-12-31 00:00:00,,low,,low,low,low,low,low,low,low,low,2023-09-05 00:00:00,2023-10-27 16:00:00,low
109588,Goma Urban Area in Goma Town,COD,transportation,road-transportation,2022-01-01 00:00:00,2022-12-31 00:00:00,,low,,low,low,low,low,low,low,low,low,2023-09-05 00:00:00,2023-10-27 16:00:00,low
117589,Goma Urban Area in Idjwi Territory,COD,transportation,road-transportation,2021-01-01 00:00:00,2021-12-31 00:00:00,,low,,low,low,low,low,low,low,low,low,2023-09-05 00:00:00,2023-10-27 16:00:00,low
117589,Goma Urban Area in Idjwi Territory,COD,transportation,road-transportation,2022-01-01 00:00:00,2022-12-31 00:00:00,,low,,low,low,low,low,low,low,low,low,2023-09-05 00:00:00,2023-10-27 16:00:00,low
112044,Goma Urban Area in Nyiragongo Territory,COD,transportation,road-transportation,2021-01-01 00:00:00,2021-12-31 00:00:00,,low,,low,low,low,low,low,low,low,low,2023-09-05 00:00:00,2023-10-27 16:00:00,low
112044,Goma Urban Area in Nyiragongo Territory,COD,transportation,road-transportation,2022-01-01 00:00:00,2022-12-31 00:00:00,,low,,low,low,low,low,low,low,low,low,2023-09-05 00:00:00,2023-10-27 16:00:00,low
113159,Idiofa Urban Area in Idiofa Territory,COD,transportation,road-transportation,2021-01-01 00:00:00,2021-12-31 00:00:00,,low,,low,low,low,low,low,low,low,low,2023-09-05 00:00:00,2023-10-27 16:00:00,low
113159,Idiofa Urban Area in Idiofa Territory,COD,transportation,road-transportation,2022-01-01 00:00:00,2022-12-31 00:00:00,,low,,low,low,low,low,low,low,low,low,2023-09-05 00:00:00,2023-10-27 16:00:00,low
117049,Ilebo Urban Area in Ilebo (ville) Town,COD,transportation,road-transportation,2021-01-01 00:00:00,2021-12-31 00:00:00,,low,,low,low,low,low,low,low,low,low,2023-09-05 00:00:00,2023-10-27 16:00:00,low
117049,Ilebo Urban Area in Ilebo (ville) Town,COD,transportation,road-transportation,2022-01-01 00:00:00,2022-12-31 00:00:00,,low,,low,low,low,low,low,low,low,low,2023-09-05 00:00:00,2023-10-27 16:00:00,low
116217,Ilebo Urban Area in Ilebo Territory,COD,transportation,road-transportation,2021-01-01 00:00:00,2021-12-31 00:00:00,,low,,low,low,low,low,low,low,low,low,2023-09-05 00:00:00,2023-10-27 16:00:00,low
116217,Ilebo Urban Area in Ilebo Territory,COD,transportation,road-transportation,2022-01-01 00:00:00,2022-12-31 00:00:00,,low,,low,low,low,low,low,low,low,low,2023-09-05 00:00:00,2023-10-27 16:00:00,low
118562,Ingbokolo Urban Area in Ingbokolo Town,COD,transportation,road-transportation,2021-01-01 00:00:00,2021-12-31 00:00:00,,low,,low,low,low,low,low,low,low,low,2023-09-05 00:00:00,2023-10-27 16:00:00,low
118562,Ingbokolo Urban Area in Ingbokolo Town,COD,transportation,road-transportation,2022-01-01 00:00:00,2022-12-31 00:00:00,,low,,low,low,low,low,low,low,low,low,2023-09-05 00:00:00,2023-10-27 16:00:00,low
112367,Isiro Urban Area in Isiro Town,COD,transportation,road-transportation,2021-01-01 00:00:00,2021-12-31 00:00:00,,low,,low,low,low,low,low,low,low,low,2023-09-05 00:00:00,2023-10-27 16:00:00,low
112367,Isiro Urban Area in Isiro Town,COD,transportation,road-transportation,2022-01-01 00:00:00,2022-12-31 00:00:00,,low,,low,low,low,low,low,low,low,low,2023-09-05 00:00:00,2023-10-27 16:00:00,low
120473,Isiro Urban Area in Rungu Territory,COD,transportation,road-transportation,2021-01-01 00:00:00,2021-12-31 00:00:00,,low,,low,low,low,low,low,low,low,low,2023-09-05 00:00:00,2023-10-27 16:00:00,low
120473,Isiro Urban Area in Rungu Territory,COD,transportation,road-transportation,2022-01-01 00:00:00,2022-12-31 00:00:00,,low,,low,low,low,low,low,low,low,low,2023-09-05 00:00:00,2023-10-27 16:00:00,low
115455,Kabeya-Kamuanga Urban Area in Kabeya-Kamwanga Territory,COD,transportation,road-transportation,2021-01-01 00:00:00,2021-12-31 00:00:00,,low,,low,low,low,low,low,low,low,low,2023-09-05 00:00:00,2023-10-27 16:00:00,low
115455,Kabeya-Kamuanga Urban Area in Kabeya-Kamwanga Territory,COD,transportation,road-transportation,2022-01-01 00:00:00,2022-12-31 00:00:00,,low,,low,low,low,low,low,low,low,low,2023-09-05 00:00:00,2023-10-27 16:00:00,low
110645,Kabinda Urban Area in Kabinda (ville) Town,COD,transportation,road-transportation,2021-01-01 00:00:00,2021-12-31 00:00:00,,low,,low,low,low,low,low,low,low,low,2023-09-05 00:00:00,2023-10-27 16:00:00,low
110645,Kabinda Urban Area in Kabinda (ville) Town,COD,transportation,road-transportation,2022-01-01 00:00:00,2022-12-31 00:00:00,,low,,low,low,low,low,low,low,low,low,2023-09-05 00:00:00,2023-10-27 16:00:00,low
120009,Kabinda Urban Area in Kabinda Territory,COD,transportation,road-transportation,2021-01-01 00:00:00,2021-12-31 00:00:00,,low,,low,low,low,low,low,low,low,low,2023-09-05 00:00:00,2023-10-27 16:00:00,low
120009,Kabinda Urban Area in Kabinda Territory,COD,transportation,road-transportation,2022-01-01 00:00:00,2022-12-31 00:00:00,,low,,low,low,low,low,low,low,low,low,2023-09-05 00:00:00,2023-10-27 16:00:00,low
115839,Kabondo-Dianda Urban Area in Bukama Territory,COD,transportation,road-transportation,2021-01-01 00:00:00,2021-12-31 00:00:00,,low,,low,low,low,low,low,low,low,low,2023-09-05 00:00:00,2023-10-27 16:00:00,low
115839,Kabondo-Dianda Urban Area in Bukama Territory,COD,transportation,road-transportation,2022-01-01 00:00:00,2022-12-31 00:00:00,,low,,low,low,low,low,low,low,low,low,2023-09-05 00:00:00,2023-10-27 16:00:00,low
115429,Kabongo Urban Area in Kabongo Territory,COD,transportation,road-transportation,2021-01-01 00:00:00,2021-12-31 00:00:00,,low,,low,low,low,low,low,low,low,low,2023-09-05 00:00:00,2023-10-27 16:00:00,low
115429,Kabongo Urban Area in Kabongo Territory,COD,transportation,road-transportation,2022-01-01 00:00:00,2022-12-31 00:00:00,,low,,low,low,low,low,low,low,low,low,2023-09-05 00:00:00,2023-10-27 16:00:00,low
115871,Kabongo Urban Area in Kabongo Territory,COD,transportation,road-transportation,2021-01-01 00:00:00,2021-12-31 00:00:00,,low,,low,low,low,low,low,low,low,low,2023-09-05 00:00:00,2023-10-27 16:00:00,low
115871,Kabongo Urban Area in Kabongo Territory,COD,transportation,road-transportation,2022-01-01 00:00:00,2022-12-31 00:00:00,,low,,low,low,low,low,low,low,low,low,2023-09-05 00:00:00,2023-10-27 16:00:00,low
115464,Kahemba Urban Area in Kahemba Territory,COD,transportation,road-transportation,2021-01-01 00:00:00,2021-12-31 00:00:00,,low,,low,low,low,low,low,low,low,low,2023-09-05 00:00:00,2023-10-27 16:00:00,low
115464,Kahemba Urban Area in Kahemba Territory,COD,transportation,road-transportation,2022-01-01 00:00:00,2022-12-31 00:00:00,,low,,low,low,low,low,low,low,low,low,2023-09-05 00:00:00,2023-10-27 16:00:00,low
113433,Kahinda Urban Area in Luilu Territory,COD,transportation,road-transportation,2021-01-01 00:00:00,2021-12-31 00:00:00,,low,,low,low,low,low,low,low,low,low,2023-09-05 00:00:00,2023-10-27 16:00:00,low
113433,Kahinda Urban Area in Luilu Territory,COD,transportation,road-transportation,2022-01-01 00:00:00,2022-12-31 00:00:00,,low,,low,low,low,low,low,low,low,low,2023-09-05 00:00:00,2023-10-27 16:00:00,low
114533,Kakanda Urban Area in Lubudi Territory,COD,transportation,road-transportation,2021-01-01 00:00:00,2021-12-31 00:00:00,,low,,low,low,low,low,low,low,low,low,2023-09-05 00:00:00,2023-10-27 16:00:00,low
114533,Kakanda Urban Area in Lubudi Territory,COD,transportation,road-transportation,2022-01-01 00:00:00,2022-12-31 00:00:00,,low,,low,low,low,low,low,low,low,low,2023-09-05 00:00:00,2023-10-27 16:00:00,low
115881,Kakenge Urban Area in Mweka Territory,COD,transportation,road-transportation,2021-01-01 00:00:00,2021-12-31 00:00:00,,low,,low,low,low,low,low,low,low,low,2023-09-05 00:00:00,2023-10-27 16:00:00,low
115881,Kakenge Urban Area in Mweka Territory,COD,transportation,road-transportation,2022-01-01 00:00:00,2022-12-31 00:00:00,,low,,low,low,low,low,low,low,low,low,2023-09-05 00:00:00,2023-10-27 16:00:00,low
117393,Kakumba Urban Area in Kamonia Territory,COD,transportation,road-transportation,2021-01-01 00:00:00,2021-12-31 00:00:00,,low,,low,low,low,low,low,low,low,low,2023-09-05 00:00:00,2023-10-27 16:00:00,low
117393,Kakumba Urban Area in Kamonia Territory,COD,transportation,road-transportation,2022-01-01 00:00:00,2022-12-31 00:00:00,,low,,low,low,low,low,low,low,low,low,2023-09-05 00:00:00,2023-10-27 16:00:00,low
108971,Kalemie Urban Area in Kalemie (ville) Town,COD,transportation,road-transportation,2021-01-01 00:00:00,2021-12-31 00:00:00,,low,,low,low,low,low,low,low,low,low,2023-09-05 00:00:00,2023-10-27 16:00:00,low
108971,Kalemie Urban Area in Kalemie (ville) Town,COD,transportation,road-transportation,2022-01-01 00:00:00,2022-12-31 00:00:00,,low,,low,low,low,low,low,low,low,low,2023-09-05 00:00:00,2023-10-27 16:00:00,low
118616,Kalemie Urban Area in Kalemie Territory,COD,transportation,road-transportation,2021-01-01 00:00:00,2021-12-31 00:00:00,,low,,low,low,low,low,low,low,low,low,2023-09-05 00:00:00,2023-10-27 16:00:00,low
118616,Kalemie Urban Area in Kalemie Territory,COD,transportation,road-transportation,2022-01-01 00:00:00,2022-12-31 00:00:00,,low,,low,low,low,low,low,low,low,low,2023-09-05 00:00:00,2023-10-27 16:00:00,low
121148,Kalimva Urban Area in Watsa (ville) Town,COD,transportation,road-transportation,2021-01-01 00:00:00,2021-12-31 00:00:00,,low,,low,low,low,low,low,low,low,low,2023-09-05 00:00:00,2023-10-27 16:00:00,low
121148,Kalimva Urban Area in Watsa (ville) Town,COD,transportation,road-transportation,2022-01-01 00:00:00,2022-12-31 00:00:00,,low,,low,low,low,low,low,low,low,low,2023-09-05 00:00:00,2023-10-27 16:00:00,low
112768,Kalimva Urban Area in Watsa Territory,COD,transportation,road-transportation,2021-01-01 00:00:00,2021-12-31 00:00:00,,low,,low,low,low,low,low,low,low,low,2023-09-05 00:00:00,2023-10-27 16:00:00,low
112768,Kalimva Urban Area in Watsa Territory,COD,transportation,road-transportation,2022-01-01 00:00:00,2022-12-31 00:00:00,,low,,low,low,low,low,low,low,low,low,2023-09-05 00:00:00,2023-10-27 16:00:00,low
116924,Kamanyola Urban Area in Walungu Territory,COD,transportation,road-transportation,2021-01-01 00:00:00,2021-12-31 00:00:00,,low,,low,low,low,low,low,low,low,low,2023-09-05 00:00:00,2023-10-27 16:00:00,low
116924,Kamanyola Urban Area in Walungu Territory,COD,transportation,road-transportation,2022-01-01 00:00:00,2022-12-31 00:00:00,,low,,low,low,low,low,low,low,low,low,2023-09-05 00:00:00,2023-10-27 16:00:00,low
110156,Kambove Urban Area in Kambove Territory,COD,transportation,road-transportation,2021-01-01 00:00:00,2021-12-31 00:00:00,,low,,low,low,low,low,low,low,low,low,2023-09-05 00:00:00,2023-10-27 16:00:00,low
110156,Kambove Urban Area in Kambove Territory,COD,transportation,road-transportation,2022-01-01 00:00:00,2022-12-31 00:00:00,,low,,low,low,low,low,low,low,low,low,2023-09-05 00:00:00,2023-10-27 16:00:00,low
110998,Kamina Urban Area in Kamina (ville) Town,COD,transportation,road-transportation,2021-01-01 00:00:00,2021-12-31 00:00:00,,low,,low,low,low,low,low,low,low,low,2023-09-05 00:00:00,2023-10-27 16:00:00,low
110998,Kamina Urban Area in Kamina (ville) Town,COD,transportation,road-transportation,2022-01-01 00:00:00,2022-12-31 00:00:00,,low,,low,low,low,low,low,low,low,low,2023-09-05 00:00:00,2023-10-27 16:00:00,low
120530,Kamina Urban Area in Kamina Territory,COD,transportation,road-transportation,2021-01-01 00:00:00,2021-12-31 00:00:00,,low,,low,low,low,low,low,low,low,low,2023-09-05 00:00:00,2023-10-27 16:00:00,low
120530,Kamina Urban Area in Kamina Territory,COD,transportation,road-transportation,2022-01-01 00:00:00,2022-12-31 00:00:00,,low,,low,low,low,low,low,low,low,low,2023-09-05 00:00:00,2023-10-27 16:00:00,low
116506,Kamituga Urban Area in Kamituga Town,COD,transportation,road-transportation,2021-01-01 00:00:00,2021-12-31 00:00:00,,low,,low,low,low,low,low,low,low,low,2023-09-05 00:00:00,2023-10-27 16:00:00,low
116506,Kamituga Urban Area in Kamituga Town,COD,transportation,road-transportation,2022-01-01 00:00:00,2022-12-31 00:00:00,,low,,low,low,low,low,low,low,low,low,2023-09-05 00:00:00,2023-10-27 16:00:00,low
118828,Kamituga Urban Area in Mwenga Territory,COD,transportation,road-transportation,2021-01-01 00:00:00,2021-12-31 00:00:00,,low,,low,low,low,low,low,low,low,low,2023-09-05 00:00:00,2023-10-27 16:00:00,low
118828,Kamituga Urban Area in Mwenga Territory,COD,transportation,road-transportation,2022-01-01 00:00:00,2022-12-31 00:00:00,,low,,low,low,low,low,low,low,low,low,2023-09-05 00:00:00,2023-10-27 16:00:00,low
106263,Kananga Urban Area in Kananga Territory,COD,transportation,road-transportation,2021-01-01 00:00:00,2021-12-31 00:00:00,,low,,low,low,low,low,low,low,low,low,2023-09-05 00:00:00,2023-10-27 16:00:00,low
106263,Kananga Urban Area in Kananga Territory,COD,transportation,road-transportation,2022-01-01 00:00:00,2022-12-31 00:00:00,,low,,low,low,low,low,low,low,low,low,2023-09-05 00:00:00,2023-10-27 16:00:00,low
116395,Kanyama Urban Area in Kaniama Territory,COD,transportation,road-transportation,2021-01-01 00:00:00,2021-12-31 00:00:00,,low,,low,low,low,low,low,low,low,low,2023-09-05 00:00:00,2023-10-27 16:00:00,low
116395,Kanyama Urban Area in Kaniama Territory,COD,transportation,road-transportation,2022-01-01 00:00:00,2022-12-31 00:00:00,,low,,low,low,low,low,low,low,low,low,2023-09-05 00:00:00,2023-10-27 16:00:00,low
115359,Kasaji Urban Area in Dilolo Territory,COD,transportation,road-transportation,2021-01-01 00:00:00,2021-12-31 00:00:00,,low,,low,low,low,low,low,low,low,low,2023-09-05 00:00:00,2023-10-27 16:00:00,low
115359,Kasaji Urban Area in Dilolo Territory,COD,transportation,road-transportation,2022-01-01 00:00:00,2022-12-31 00:00:00,,low,,low,low,low,low,low,low,low,low,2023-09-05 00:00:00,2023-10-27 16:00:00,low
119011,Kasaji Urban Area in Kasaji Town,COD,transportation,road-transportation,2021-01-01 00:00:00,2021-12-31 00:00:00,,low,,low,low,low,low,low,low,low,low,2023-09-05 00:00:00,2023-10-27 16:00:00,low
119011,Kasaji Urban Area in Kasaji Town,COD,transportation,road-transportation,2022-01-01 00:00:00,2022-12-31 00:00:00,,low,,low,low,low,low,low,low,low,low,2023-09-05 00:00:00,2023-10-27 16:00:00,low
116583,Kasenga Urban Area in Kasenga Territory,COD,transportation,road-transportation,2021-01-01 00:00:00,2021-12-31 00:00:00,,low,,low,low,low,low,low,low,low,low,2023-09-05 00:00:00,2023-10-27 16:00:00,low
116583,Kasenga Urban Area in Kasenga Territory,COD,transportation,road-transportation,2022-01-01 00:00:00,2022-12-31 00:00:00,,low,,low,low,low,low,low,low,low,low,2023-09-05 00:00:00,2023-10-27 16:00:00,low
115916,Kasongo Urban Area in Kasongo (ville) Town,COD,transportation,road-transportation,2021-01-01 00:00:00,2021-12-31 00:00:00,,low,,low,low,low,low,low,low,low,low,2023-09-05 00:00:00,2023-10-27 16:00:00,low
115916,Kasongo Urban Area in Kasongo (ville) Town,COD,transportation,road-transportation,2022-01-01 00:00:00,2022-12-31 00:00:00,,low,,low,low,low,low,low,low,low,low,2023-09-05 00:00:00,2023-10-27 16:00:00,low
117938,Kasongo-Lunda Urban Area in Kasongo-Lunda (ville) Town,COD,transportation,road-transportation,2021-01-01 00:00:00,2021-12-31 00:00:00,,low,,low,low,low,low,low,low,low,low,2023-09-05 00:00:00,2023-10-27 16:00:00,low
117938,Kasongo-Lunda Urban Area in Kasongo-Lunda (ville) Town,COD,transportation,road-transportation,2022-01-01 00:00:00,2022-12-31 00:00:00,,low,,low,low,low,low,low,low,low,low,2023-09-05 00:00:00,2023-10-27 16:00:00,low
120101,Kasongo-Lunda Urban Area in Kasongo-Lunda Territory,COD,transportation,road-transportation,2021-01-01 00:00:00,2021-12-31 00:00:00,,low,,low,low,low,low,low,low,low,low,2023-09-05 00:00:00,2023-10-27 16:00:00,low
120101,Kasongo-Lunda Urban Area in Kasongo-Lunda Territory,COD,transportation,road-transportation,2022-01-01 00:00:00,2022-12-31 00:00:00,,low,,low,low,low,low,low,low,low,low,2023-09-05 00:00:00,2023-10-27 16:00:00,low
110913,Kasumbalesa Urban Area in Sakania Territory,COD,transportation,road-transportation,2021-01-01 00:00:00,2021-12-31 00:00:00,,low,,low,low,low,low,low,low,low,low,2023-09-05 00:00:00,2023-10-27 16:00:00,low
110913,Kasumbalesa Urban Area in Sakania Territory,COD,transportation,road-transportation,2022-01-01 00:00:00,2022-12-31 00:00:00,,low,,low,low,low,low,low,low,low,low,2023-09-05 00:00:00,2023-10-27 16:00:00,low
115660,Kenge Urban Area in Kenge (ville) Town,COD,transportation,road-transportation,2021-01-01 00:00:00,2021-12-31 00:00:00,,low,,low,low,low,low,low,low,low,low,2023-09-05 00:00:00,2023-10-27 16:00:00,low
115660,Kenge Urban Area in Kenge (ville) Town,COD,transportation,road-transportation,2022-01-01 00:00:00,2022-12-31 00:00:00,,low,,low,low,low,low,low,low,low,low,2023-09-05 00:00:00,2023-10-27 16:00:00,low
115656,Kenge Urban Area in Kenge Territory,COD,transportation,road-transportation,2021-01-01 00:00:00,2021-12-31 00:00:00,,low,,low,low,low,low,low,low,low,low,2023-09-05 00:00:00,2023-10-27 16:00:00,low
115656,Kenge Urban Area in Kenge Territory,COD,transportation,road-transportation,2022-01-01 00:00:00,2022-12-31 00:00:00,,low,,low,low,low,low,low,low,low,low,2023-09-05 00:00:00,2023-10-27 16:00:00,low
111957,Kibomango Urban Area in Kinshasa Territory,COD,transportation,road-transportation,2021-01-01 00:00:00,2021-12-31 00:00:00,,low,,low,low,low,low,low,low,low,low,2023-09-05 00:00:00,2023-10-27 16:00:00,low
111957,Kibomango Urban Area in Kinshasa Territory,COD,transportation,road-transportation,2022-01-01 00:00:00,2022-12-31 00:00:00,,low,,low,low,low,low,low,low,low,low,2023-09-05 00:00:00,2023-10-27 16:00:00,low
115831,Kikondja Urban Area in Bukama Territory,COD,transportation,road-transportation,2021-01-01 00:00:00,2021-12-31 00:00:00,,low,,low,low,low,low,low,low,low,low,2023-09-05 00:00:00,2023-10-27 16:00:00,low
115831,Kikondja Urban Area in Bukama Territory,COD,transportation,road-transportation,2022-01-01 00:00:00,2022-12-31 00:00:00,,low,,low,low,low,low,low,low,low,low,2023-09-05 00:00:00,2023-10-27 16:00:00,low
112859,Kikwit Urban Area in Bulungu Territory,COD,transportation,road-transportation,2021-01-01 00:00:00,2021-12-31 00:00:00,,low,,low,low,low,low,low,low,low,low,2023-09-05 00:00:00,2023-10-27 16:00:00,low
112859,Kikwit Urban Area in Bulungu Territory,COD,transportation,road-transportation,2022-01-01 00:00:00,2022-12-31 00:00:00,,low,,low,low,low,low,low,low,low,low,2023-09-05 00:00:00,2023-10-27 16:00:00,low
107626,Kikwit Urban Area in Kikwit Town,COD,transportation,road-transportation,2021-01-01 00:00:00,2021-12-31 00:00:00,,low,,low,low,low,low,low,low,low,low,2023-09-05 00:00:00,2023-10-27 16:00:00,low
107626,Kikwit Urban Area in Kikwit Town,COD,transportation,road-transportation,2022-01-01 00:00:00,2022-12-31 00:00:00,,low,,low,low,low,low,low,low,low,low,2023-09-05 00:00:00,2023-10-27 16:00:00,low
114582,Kilwa Urban Area in Pweto Territory,COD,transportation,road-transportation,2021-01-01 00:00:00,2021-12-31 00:00:00,,low,,low,low,low,low,low,low,low,low,2023-09-05 00:00:00,2023-10-27 16:00:00,low
114582,Kilwa Urban Area in Pweto Territory,COD,transportation,road-transportation,2022-01-01 00:00:00,2022-12-31 00:00:00,,low,,low,low,low,low,low,low,low,low,2023-09-05 00:00:00,2023-10-27 16:00:00,low
114960,Kimpese Urban Area in Bangu Town,COD,transportation,road-transportation,2021-01-01 00:00:00,2021-12-31 00:00:00,,low,,low,low,low,low,low,low,low,low,2023-09-05 00:00:00,2023-10-27 16:00:00,low
114960,Kimpese Urban Area in Bangu Town,COD,transportation,road-transportation,2022-01-01 00:00:00,2022-12-31 00:00:00,,low,,low,low,low,low,low,low,low,low,2023-09-05 00:00:00,2023-10-27 16:00:00,low
120577,Kimpese Urban Area in Mbanza-Ngungu Territory,COD,transportation,road-transportation,2021-01-01 00:00:00,2021-12-31 00:00:00,,low,,low,low,low,low,low,low,low,low,2023-09-05 00:00:00,2023-10-27 16:00:00,low
120577,Kimpese Urban Area in Mbanza-Ngungu Territory,COD,transportation,road-transportation,2022-01-01 00:00:00,2022-12-31 00:00:00,,low,,low,low,low,low,low,low,low,low,2023-09-05 00:00:00,2023-10-27 16:00:00,low
119225,Kimpese Urban Area in Songololo Territory,COD,transportation,road-transportation,2021-01-01 00:00:00,2021-12-31 00:00:00,,low,,low,low,low,low,low,low,low,low,2023-09-05 00:00:00,2023-10-27 16:00:00,low
119225,Kimpese Urban Area in Songololo Territory,COD,transportation,road-transportation,2022-01-01 00:00:00,2022-12-31 00:00:00,,low,,low,low,low,low,low,low,low,low,2023-09-05 00:00:00,2023-10-27 16:00:00,low
108490,Kindu Urban Area in Kindu Territory,COD,transportation,road-transportation,2021-01-01 00:00:00,2021-12-31 00:00:00,,low,,low,low,low,low,low,low,low,low,2023-09-05 00:00:00,2023-10-27 16:00:00,low
108490,Kindu Urban Area in Kindu Territory,COD,transportation,road-transportation,2022-01-01 00:00:00,2022-12-31 00:00:00,,low,,low,low,low,low,low,low,low,low,2023-09-05 00:00:00,2023-10-27 16:00:00,low
104656,Kinshasa Urban Area in Kinshasa Territory,COD,transportation,road-transportation,2022-01-01 00:00:00,2022-12-31 00:00:00,,low,,low,low,low,low,low,low,low,low,2023-09-05 00:00:00,2023-10-27 16:00:00,low
115470,Kinzao Urban Area in Seke-Banza Territory,COD,transportation,road-transportation,2021-01-01 00:00:00,2021-12-31 00:00:00,,low,,low,low,low,low,low,low,low,low,2023-09-05 00:00:00,2023-10-27 16:00:00,low
115470,Kinzao Urban Area in Seke-Banza Territory,COD,transportation,road-transportation,2022-01-01 00:00:00,2022-12-31 00:00:00,,low,,low,low,low,low,low,low,low,low,2023-09-05 00:00:00,2023-10-27 16:00:00,low
117980,Kipese Urban Area in Lubero Territory,COD,transportation,road-transportation,2021-01-01 00:00:00,2021-12-31 00:00:00,,low,,low,low,low,low,low,low,low,low,2023-09-05 00:00:00,2023-10-27 16:00:00,low
117980,Kipese Urban Area in Lubero Territory,COD,transportation,road-transportation,2022-01-01 00:00:00,2022-12-31 00:00:00,,low,,low,low,low,low,low,low,low,low,2023-09-05 00:00:00,2023-10-27 16:00:00,low
113221,Kipushi Urban Area in Kipushi (ville) Town,COD,transportation,road-transportation,2021-01-01 00:00:00,2021-12-31 00:00:00,,low,,low,low,low,low,low,low,low,low,2023-09-05 00:00:00,2023-10-27 16:00:00,low
113221,Kipushi Urban Area in Kipushi (ville) Town,COD,transportation,road-transportation,2022-01-01 00:00:00,2022-12-31 00:00:00,,low,,low,low,low,low,low,low,low,low,2023-09-05 00:00:00,2023-10-27 16:00:00,low
119550,Kipushi Urban Area in Kipushi Territory,COD,transportation,road-transportation,2021-01-01 00:00:00,2021-12-31 00:00:00,,low,,low,low,low,low,low,low,low,low,2023-09-05 00:00:00,2023-10-27 16:00:00,low
119550,Kipushi Urban Area in Kipushi Territory,COD,transportation,road-transportation,2022-01-01 00:00:00,2022-12-31 00:00:00,,low,,low,low,low,low,low,low,low,low,2023-09-05 00:00:00,2023-10-27 16:00:00,low
121245,Kipushi Urban Area in Lubumbashi Territory,COD,transportation,road-transportation,2021-01-01 00:00:00,2021-12-31 00:00:00,,low,,low,low,low,low,low,low,low,low,2023-09-05 00:00:00,2023-10-27 16:00:00,low
121245,Kipushi Urban Area in Lubumbashi Territory,COD,transportation,road-transportation,2022-01-01 00:00:00,2022-12-31 00:00:00,,low,,low,low,low,low,low,low,low,low,2023-09-05 00:00:00,2023-10-27 16:00:00,low
116504,Kirumba Urban Area in Lubero Territory,COD,transportation,road-transportation,2021-01-01 00:00:00,2021-12-31 00:00:00,,low,,low,low,low,low,low,low,low,low,2023-09-05 00:00:00,2023-10-27 16:00:00,low
116504,Kirumba Urban Area in Lubero Territory,COD,transportation,road-transportation,2022-01-01 00:00:00,2022-12-31 00:00:00,,low,,low,low,low,low,low,low,low,low,2023-09-05 00:00:00,2023-10-27 16:00:00,low
106562,Kisangani Urban Area in Kisangani Territory,COD,transportation,road-transportation,2021-01-01 00:00:00,2021-12-31 00:00:00,,low,,low,low,low,low,low,low,low,low,2023-09-05 00:00:00,2023-10-27 16:00:00,low
106562,Kisangani Urban Area in Kisangani Territory,COD,transportation,road-transportation,2022-01-01 00:00:00,2022-12-31 00:00:00,,low,,low,low,low,low,low,low,low,low,2023-09-05 00:00:00,2023-10-27 16:00:00,low
119305,Kisantu Urban Area in Inkisi Town,COD,transportation,road-transportation,2021-01-01 00:00:00,2021-12-31 00:00:00,,low,,low,low,low,low,low,low,low,low,2023-09-05 00:00:00,2023-10-27 16:00:00,low
119305,Kisantu Urban Area in Inkisi Town,COD,transportation,road-transportation,2022-01-01 00:00:00,2022-12-31 00:00:00,,low,,low,low,low,low,low,low,low,low,2023-09-05 00:00:00,2023-10-27 16:00:00,low
116101,Kisantu Urban Area in Mbanza-Ngungu Territory,COD,transportation,road-transportation,2021-01-01 00:00:00,2021-12-31 00:00:00,,low,,low,low,low,low,low,low,low,low,2023-09-05 00:00:00,2023-10-27 16:00:00,low
116101,Kisantu Urban Area in Mbanza-Ngungu Territory,COD,transportation,road-transportation,2022-01-01 00:00:00,2022-12-31 00:00:00,,low,,low,low,low,low,low,low,low,low,2023-09-05 00:00:00,2023-10-27 16:00:00,low
115991,Kitumbiro Urban Area in Lubero Territory,COD,transportation,road-transportation,2021-01-01 00:00:00,2021-12-31 00:00:00,,low,,low,low,low,low,low,low,low,low,2023-09-05 00:00:00,2023-10-27 16:00:00,low
115991,Kitumbiro Urban Area in Lubero Territory,COD,transportation,road-transportation,2022-01-01 00:00:00,2022-12-31 00:00:00,,low,,low,low,low,low,low,low,low,low,2023-09-05 00:00:00,2023-10-27 16:00:00,low
120767,Koboko Urban Area in Aru Territory,COD,transportation,road-transportation,2021-01-01 00:00:00,2021-12-31 00:00:00,,low,,low,low,low,low,low,low,low,low,2023-09-05 00:00:00,2023-10-27 16:00:00,low
120767,Koboko Urban Area in Aru Territory,COD,transportation,road-transportation,2022-01-01 00:00:00,2022-12-31 00:00:00,,low,,low,low,low,low,low,low,low,low,2023-09-05 00:00:00,2023-10-27 16:00:00,low
109162,Kolwezi Urban Area in Kolwezi Territory,COD,transportation,road-transportation,2021-01-01 00:00:00,2021-12-31 00:00:00,,low,,low,low,low,low,low,low,low,low,2023-09-05 00:00:00,2023-10-27 16:00:00,low
109162,Kolwezi Urban Area in Kolwezi Territory,COD,transportation,road-transportation,2022-01-01 00:00:00,2022-12-31 00:00:00,,low,,low,low,low,low,low,low,low,low,2023-09-05 00:00:00,2023-10-27 16:00:00,low
107297,Kolwezi Urban Area in Mutshatsha Territory,COD,transportation,road-transportation,2021-01-01 00:00:00,2021-12-31 00:00:00,,low,,low,low,low,low,low,low,low,low,2023-09-05 00:00:00,2023-10-27 16:00:00,low
107297,Kolwezi Urban Area in Mutshatsha Territory,COD,transportation,road-transportation,2022-01-01 00:00:00,2022-12-31 00:00:00,,low,,low,low,low,low,low,low,low,low,2023-09-05 00:00:00,2023-10-27 16:00:00,low
114714,Kongolo Urban Area in Kongolo (ville) Town,COD,transportation,road-transportation,2021-01-01 00:00:00,2021-12-31 00:00:00,,low,,low,low,low,low,low,low,low,low,2023-09-05 00:00:00,2023-10-27 16:00:00,low
114714,Kongolo Urban Area in Kongolo (ville) Town,COD,transportation,road-transportation,2022-01-01 00:00:00,2022-12-31 00:00:00,,low,,low,low,low,low,low,low,low,low,2023-09-05 00:00:00,2023-10-27 16:00:00,low
118352,Kongolo Urban Area in Kongolo Territory,COD,transportation,road-transportation,2021-01-01 00:00:00,2021-12-31 00:00:00,,low,,low,low,low,low,low,low,low,low,2023-09-05 00:00:00,2023-10-27 16:00:00,low
118352,Kongolo Urban Area in Kongolo Territory,COD,transportation,road-transportation,2022-01-01 00:00:00,2022-12-31 00:00:00,,low,,low,low,low,low,low,low,low,low,2023-09-05 00:00:00,2023-10-27 16:00:00,low
115007,Kwilu-Ngongo Urban Area in Mbanza-Ngungu Territory,COD,transportation,road-transportation,2021-01-01 00:00:00,2021-12-31 00:00:00,,low,,low,low,low,low,low,low,low,low,2023-09-05 00:00:00,2023-10-27 16:00:00,low
115007,Kwilu-Ngongo Urban Area in Mbanza-Ngungu Territory,COD,transportation,road-transportation,2022-01-01 00:00:00,2022-12-31 00:00:00,,low,,low,low,low,low,low,low,low,low,2023-09-05 00:00:00,2023-10-27 16:00:00,low
117380,Kyolo Urban Area in Malemba-Nkulu Territory,COD,transportation,road-transportation,2021-01-01 00:00:00,2021-12-31 00:00:00,,low,,low,low,low,low,low,low,low,low,2023-09-05 00:00:00,2023-10-27 16:00:00,low
117380,Kyolo Urban Area in Malemba-Nkulu Territory,COD,transportation,road-transportation,2022-01-01 00:00:00,2022-12-31 00:00:00,,low,,low,low,low,low,low,low,low,low,2023-09-05 00:00:00,2023-10-27 16:00:00,low
117939,Lemba Village Urban Area in Lukula Territory,COD,transportation,road-transportation,2021-01-01 00:00:00,2021-12-31 00:00:00,,low,,low,low,low,low,low,low,low,low,2023-09-05 00:00:00,2023-10-27 16:00:00,low
117939,Lemba Village Urban Area in Lukula Territory,COD,transportation,road-transportation,2022-01-01 00:00:00,2022-12-31 00:00:00,,low,,low,low,low,low,low,low,low,low,2023-09-05 00:00:00,2023-10-27 16:00:00,low
119177,Likasi Urban Area in Kambove Territory,COD,transportation,road-transportation,2021-01-01 00:00:00,2021-12-31 00:00:00,,low,,low,low,low,low,low,low,low,low,2023-09-05 00:00:00,2023-10-27 16:00:00,low
119177,Likasi Urban Area in Kambove Territory,COD,transportation,road-transportation,2022-01-01 00:00:00,2022-12-31 00:00:00,,low,,low,low,low,low,low,low,low,low,2023-09-05 00:00:00,2023-10-27 16:00:00,low
106822,Likasi Urban Area in Likasi Territory,COD,transportation,road-transportation,2021-01-01 00:00:00,2021-12-31 00:00:00,,low,,low,low,low,low,low,low,low,low,2023-09-05 00:00:00,2023-10-27 16:00:00,low
106822,Likasi Urban Area in Likasi Territory,COD,transportation,road-transportation,2022-01-01 00:00:00,2022-12-31 00:00:00,,low,,low,low,low,low,low,low,low,low,2023-09-05 00:00:00,2023-10-27 16:00:00,low
114808,Lisala Urban Area in Lisala (ville) Town,COD,transportation,road-transportation,2021-01-01 00:00:00,2021-12-31 00:00:00,,low,,low,low,low,low,low,low,low,low,2023-09-05 00:00:00,2023-10-27 16:00:00,low
114808,Lisala Urban Area in Lisala (ville) Town,COD,transportation,road-transportation,2022-01-01 00:00:00,2022-12-31 00:00:00,,low,,low,low,low,low,low,low,low,low,2023-09-05 00:00:00,2023-10-27 16:00:00,low
120510,Lisala Urban Area in Lisala Territory,COD,transportation,road-transportation,2021-01-01 00:00:00,2021-12-31 00:00:00,,low,,low,low,low,low,low,low,low,low,2023-09-05 00:00:00,2023-10-27 16:00:00,low
120510,Lisala Urban Area in Lisala Territory,COD,transportation,road-transportation,2022-01-01 00:00:00,2022-12-31 00:00:00,,low,,low,low,low,low,low,low,low,low,2023-09-05 00:00:00,2023-10-27 16:00:00,low
118214,Lubao Urban Area in Lubao (ville) Town,COD,transportation,road-transportation,2021-01-01 00:00:00,2021-12-31 00:00:00,,low,,low,low,low,low,low,low,low,low,2023-09-05 00:00:00,2023-10-27 16:00:00,low
118214,Lubao Urban Area in Lubao (ville) Town,COD,transportation,road-transportation,2022-01-01 00:00:00,2022-12-31 00:00:00,,low,,low,low,low,low,low,low,low,low,2023-09-05 00:00:00,2023-10-27 16:00:00,low
117044,Lubao Urban Area in Lubao Territory,COD,transportation,road-transportation,2021-01-01 00:00:00,2021-12-31 00:00:00,,low,,low,low,low,low,low,low,low,low,2023-09-05 00:00:00,2023-10-27 16:00:00,low
117044,Lubao Urban Area in Lubao Territory,COD,transportation,road-transportation,2022-01-01 00:00:00,2022-12-31 00:00:00,,low,,low,low,low,low,low,low,low,low,2023-09-05 00:00:00,2023-10-27 16:00:00,low
104763,Lubumbashi Urban Area in Lubumbashi Territory,COD,transportation,road-transportation,2021-01-01 00:00:00,2021-12-31 00:00:00,,low,,low,low,low,low,low,low,low,low,2023-09-05 00:00:00,2023-10-27 16:00:00,low
104763,Lubumbashi Urban Area in Lubumbashi Territory,COD,transportation,road-transportation,2022-01-01 00:00:00,2022-12-31 00:00:00,,low,,low,low,low,low,low,low,low,low,2023-09-05 00:00:00,2023-10-27 16:00:00,low
116362,Luena Urban Area in Bukama Territory,COD,transportation,road-transportation,2021-01-01 00:00:00,2021-12-31 00:00:00,,low,,low,low,low,low,low,low,low,low,2023-09-05 00:00:00,2023-10-27 16:00:00,low
116362,Luena Urban Area in Bukama Territory,COD,transportation,road-transportation,2022-01-01 00:00:00,2022-12-31 00:00:00,,low,,low,low,low,low,low,low,low,low,2023-09-05 00:00:00,2023-10-27 16:00:00,low
114581,Luiza Urban Area in Luiza Territory,COD,transportation,road-transportation,2021-01-01 00:00:00,2021-12-31 00:00:00,,low,,low,low,low,low,low,low,low,low,2023-09-05 00:00:00,2023-10-27 16:00:00,low
114581,Luiza Urban Area in Luiza Territory,COD,transportation,road-transportation,2022-01-01 00:00:00,2022-12-31 00:00:00,,low,,low,low,low,low,low,low,low,low,2023-09-05 00:00:00,2023-10-27 16:00:00,low
117687,Lukalaba Urban Area in Lukalaba Town,COD,transportation,road-transportation,2021-01-01 00:00:00,2021-12-31 00:00:00,,low,,low,low,low,low,low,low,low,low,2023-09-05 00:00:00,2023-10-27 16:00:00,low
117687,Lukalaba Urban Area in Lukalaba Town,COD,transportation,road-transportation,2022-01-01 00:00:00,2022-12-31 00:00:00,,low,,low,low,low,low,low,low,low,low,2023-09-05 00:00:00,2023-10-27 16:00:00,low
118663,Lukalaba Urban Area in Tshilenge Territory,COD,transportation,road-transportation,2021-01-01 00:00:00,2021-12-31 00:00:00,,low,,low,low,low,low,low,low,low,low,2023-09-05 00:00:00,2023-10-27 16:00:00,low
118663,Lukalaba Urban Area in Tshilenge Territory,COD,transportation,road-transportation,2022-01-01 00:00:00,2022-12-31 00:00:00,,low,,low,low,low,low,low,low,low,low,2023-09-05 00:00:00,2023-10-27 16:00:00,low
116811,Lwambo Urban Area in Kambove Territory,COD,transportation,road-transportation,2021-01-01 00:00:00,2021-12-31 00:00:00,,low,,low,low,low,low,low,low,low,low,2023-09-05 00:00:00,2023-10-27 16:00:00,low
116811,Lwambo Urban Area in Kambove Territory,COD,transportation,road-transportation,2022-01-01 00:00:00,2022-12-31 00:00:00,,low,,low,low,low,low,low,low,low,low,2023-09-05 00:00:00,2023-10-27 16:00:00,low
117961,Lwebo Urban Area in Luebo (ville) Town,COD,transportation,road-transportation,2021-01-01 00:00:00,2021-12-31 00:00:00,,low,,low,low,low,low,low,low,low,low,2023-09-05 00:00:00,2023-10-27 16:00:00,low
117961,Lwebo Urban Area in Luebo (ville) Town,COD,transportation,road-transportation,2022-01-01 00:00:00,2022-12-31 00:00:00,,low,,low,low,low,low,low,low,low,low,2023-09-05 00:00:00,2023-10-27 16:00:00,low
121129,Lwebo Urban Area in Luebo Territory,COD,transportation,road-transportation,2021-01-01 00:00:00,2021-12-31 00:00:00,,low,,low,low,low,low,low,low,low,low,2023-09-05 00:00:00,2023-10-27 16:00:00,low
121129,Lwebo Urban Area in Luebo Territory,COD,transportation,road-transportation,2022-01-01 00:00:00,2022-12-31 00:00:00,,low,,low,low,low,low,low,low,low,low,2023-09-05 00:00:00,2023-10-27 16:00:00,low
116449,Mahagi Urban Area in Mahagi (ville) Town,COD,transportation,road-transportation,2021-01-01 00:00:00,2021-12-31 00:00:00,,low,,low,low,low,low,low,low,low,low,2023-09-05 00:00:00,2023-10-27 16:00:00,low
116449,Mahagi Urban Area in Mahagi (ville) Town,COD,transportation,road-transportation,2022-01-01 00:00:00,2022-12-31 00:00:00,,low,,low,low,low,low,low,low,low,low,2023-09-05 00:00:00,2023-10-27 16:00:00,low
116455,Makanza Urban Area in Makanza Territory,COD,transportation,road-transportation,2021-01-01 00:00:00,2021-12-31 00:00:00,,low,,low,low,low,low,low,low,low,low,2023-09-05 00:00:00,2023-10-27 16:00:00,low
116455,Makanza Urban Area in Makanza Territory,COD,transportation,road-transportation,2022-01-01 00:00:00,2022-12-31 00:00:00,,low,,low,low,low,low,low,low,low,low,2023-09-05 00:00:00,2023-10-27 16:00:00,low
113785,Malemba Nkulu Urban Area in Malemba-Nkulu Territory,COD,transportation,road-transportation,2021-01-01 00:00:00,2021-12-31 00:00:00,,low,,low,low,low,low,low,low,low,low,2023-09-05 00:00:00,2023-10-27 16:00:00,low
113785,Malemba Nkulu Urban Area in Malemba-Nkulu Territory,COD,transportation,road-transportation,2022-01-01 00:00:00,2022-12-31 00:00:00,,low,,low,low,low,low,low,low,low,low,2023-09-05 00:00:00,2023-10-27 16:00:00,low
116004,Mambasa Urban Area in Mambasa Territory,COD,transportation,road-transportation,2021-01-01 00:00:00,2021-12-31 00:00:00,,low,,low,low,low,low,low,low,low,low,2023-09-05 00:00:00,2023-10-27 16:00:00,low
116004,Mambasa Urban Area in Mambasa Territory,COD,transportation,road-transportation,2022-01-01 00:00:00,2022-12-31 00:00:00,,low,,low,low,low,low,low,low,low,low,2023-09-05 00:00:00,2023-10-27 16:00:00,low
111172,Manono Urban Area in Manono (ville) Town,COD,transportation,road-transportation,2021-01-01 00:00:00,2021-12-31 00:00:00,,low,,low,low,low,low,low,low,low,low,2023-09-05 00:00:00,2023-10-27 16:00:00,low
111172,Manono Urban Area in Manono (ville) Town,COD,transportation,road-transportation,2022-01-01 00:00:00,2022-12-31 00:00:00,,low,,low,low,low,low,low,low,low,low,2023-09-05 00:00:00,2023-10-27 16:00:00,low
110897,Matadi Urban Area in Matadi Town,COD,transportation,road-transportation,2021-01-01 00:00:00,2021-12-31 00:00:00,,low,,low,low,low,low,low,low,low,low,2023-09-05 00:00:00,2023-10-27 16:00:00,low
110897,Matadi Urban Area in Matadi Town,COD,transportation,road-transportation,2022-01-01 00:00:00,2022-12-31 00:00:00,,low,,low,low,low,low,low,low,low,low,2023-09-05 00:00:00,2023-10-27 16:00:00,low
121037,Matadi Urban Area in Seke-Banza Territory,COD,transportation,road-transportation,2021-01-01 00:00:00,2021-12-31 00:00:00,,low,,low,low,low,low,low,low,low,low,2023-09-05 00:00:00,2023-10-27 16:00:00,low
121037,Matadi Urban Area in Seke-Banza Territory,COD,transportation,road-transportation,2022-01-01 00:00:00,2022-12-31 00:00:00,,low,,low,low,low,low,low,low,low,low,2023-09-05 00:00:00,2023-10-27 16:00:00,low
117962,Matadi Urban Area in Songololo Territory,COD,transportation,road-transportation,2021-01-01 00:00:00,2021-12-31 00:00:00,,low,,low,low,low,low,low,low,low,low,2023-09-05 00:00:00,2023-10-27 16:00:00,low
117962,Matadi Urban Area in Songololo Territory,COD,transportation,road-transportation,2022-01-01 00:00:00,2022-12-31 00:00:00,,low,,low,low,low,low,low,low,low,low,2023-09-05 00:00:00,2023-10-27 16:00:00,low
115592,Mbandaka Urban Area in Bomongo Territory,COD,transportation,road-transportation,2021-01-01 00:00:00,2021-12-31 00:00:00,,low,,low,low,low,low,low,low,low,low,2023-09-05 00:00:00,2023-10-27 16:00:00,low
115592,Mbandaka Urban Area in Bomongo Territory,COD,transportation,road-transportation,2022-01-01 00:00:00,2022-12-31 00:00:00,,low,,low,low,low,low,low,low,low,low,2023-09-05 00:00:00,2023-10-27 16:00:00,low
111875,Mbandaka Urban Area in Mbandaka Territory,COD,transportation,road-transportation,2021-01-01 00:00:00,2021-12-31 00:00:00,,low,,low,low,low,low,low,low,low,low,2023-09-05 00:00:00,2023-10-27 16:00:00,low
111875,Mbandaka Urban Area in Mbandaka Territory,COD,transportation,road-transportation,2022-01-01 00:00:00,2022-12-31 00:00:00,,low,,low,low,low,low,low,low,low,low,2023-09-05 00:00:00,2023-10-27 16:00:00,low
113560,Mbanza-Ngungu Urban Area in Mbanza-Ngungu (ville) Town,COD,transportation,road-transportation,2021-01-01 00:00:00,2021-12-31 00:00:00,,low,,low,low,low,low,low,low,low,low,2023-09-05 00:00:00,2023-10-27 16:00:00,low
113560,Mbanza-Ngungu Urban Area in Mbanza-Ngungu (ville) Town,COD,transportation,road-transportation,2022-01-01 00:00:00,2022-12-31 00:00:00,,low,,low,low,low,low,low,low,low,low,2023-09-05 00:00:00,2023-10-27 16:00:00,low
112117,Mbuji-Mayi Urban Area in Katanda Territory,COD,transportation,road-transportation,2021-01-01 00:00:00,2021-12-31 00:00:00,,low,,low,low,low,low,low,low,low,low,2023-09-05 00:00:00,2023-10-27 16:00:00,low
112117,Mbuji-Mayi Urban Area in Katanda Territory,COD,transportation,road-transportation,2022-01-01 00:00:00,2022-12-31 00:00:00,,low,,low,low,low,low,low,low,low,low,2023-09-05 00:00:00,2023-10-27 16:00:00,low
114777,Mbuji-Mayi Urban Area in Lupatapata Territory,COD,transportation,road-transportation,2021-01-01 00:00:00,2021-12-31 00:00:00,,low,,low,low,low,low,low,low,low,low,2023-09-05 00:00:00,2023-10-27 16:00:00,low
114777,Mbuji-Mayi Urban Area in Lupatapata Territory,COD,transportation,road-transportation,2022-01-01 00:00:00,2022-12-31 00:00:00,,low,,low,low,low,low,low,low,low,low,2023-09-05 00:00:00,2023-10-27 16:00:00,low
105768,Mbuji-Mayi Urban Area in Mbuji-Mayi Town,COD,transportation,road-transportation,2021-01-01 00:00:00,2021-12-31 00:00:00,,low,,low,low,low,low,low,low,low,low,2023-09-05 00:00:00,2023-10-27 16:00:00,low
105768,Mbuji-Mayi Urban Area in Mbuji-Mayi Town,COD,transportation,road-transportation,2022-01-01 00:00:00,2022-12-31 00:00:00,,low,,low,low,low,low,low,low,low,low,2023-09-05 00:00:00,2023-10-27 16:00:00,low
120184,Mbuji-Mayi Urban Area in Tshilenge Territory,COD,transportation,road-transportation,2021-01-01 00:00:00,2021-12-31 00:00:00,,low,,low,low,low,low,low,low,low,low,2023-09-05 00:00:00,2023-10-27 16:00:00,low
120184,Mbuji-Mayi Urban Area in Tshilenge Territory,COD,transportation,road-transportation,2022-01-01 00:00:00,2022-12-31 00:00:00,,low,,low,low,low,low,low,low,low,low,2023-09-05 00:00:00,2023-10-27 16:00:00,low
117452,Misisi Urban Area in Fizi Territory,COD,transportation,road-transportation,2021-01-01 00:00:00,2021-12-31 00:00:00,,low,,low,low,low,low,low,low,low,low,2023-09-05 00:00:00,2023-10-27 16:00:00,low
117452,Misisi Urban Area in Fizi Territory,COD,transportation,road-transportation,2022-01-01 00:00:00,2022-12-31 00:00:00,,low,,low,low,low,low,low,low,low,low,2023-09-05 00:00:00,2023-10-27 16:00:00,low
111404,Moanda Urban Area in Moanda Territory,COD,transportation,road-transportation,2021-01-01 00:00:00,2021-12-31 00:00:00,,low,,low,low,low,low,low,low,low,low,2023-09-05 00:00:00,2023-10-27 16:00:00,low
111404,Moanda Urban Area in Moanda Territory,COD,transportation,road-transportation,2022-01-01 00:00:00,2022-12-31 00:00:00,,low,,low,low,low,low,low,low,low,low,2023-09-05 00:00:00,2023-10-27 16:00:00,low
111611,Mongbwalu Urban Area in Djugu Territory,COD,transportation,road-transportation,2021-01-01 00:00:00,2021-12-31 00:00:00,,low,,low,low,low,low,low,low,low,low,2023-09-05 00:00:00,2023-10-27 16:00:00,low
111611,Mongbwalu Urban Area in Djugu Territory,COD,transportation,road-transportation,2022-01-01 00:00:00,2022-12-31 00:00:00,,low,,low,low,low,low,low,low,low,low,2023-09-05 00:00:00,2023-10-27 16:00:00,low
116826,Mpose Urban Area in Mitwaba Territory,COD,transportation,road-transportation,2021-01-01 00:00:00,2021-12-31 00:00:00,,low,,low,low,low,low,low,low,low,low,2023-09-05 00:00:00,2023-10-27 16:00:00,low
116826,Mpose Urban Area in Mitwaba Territory,COD,transportation,road-transportation,2022-01-01 00:00:00,2022-12-31 00:00:00,,low,,low,low,low,low,low,low,low,low,2023-09-05 00:00:00,2023-10-27 16:00:00,low
117909,Mukanga Urban Area in Malemba-Nkulu Territory,COD,transportation,road-transportation,2021-01-01 00:00:00,2021-12-31 00:00:00,,low,,low,low,low,low,low,low,low,low,2023-09-05 00:00:00,2023-10-27 16:00:00,low
117909,Mukanga Urban Area in Malemba-Nkulu Territory,COD,transportation,road-transportation,2022-01-01 00:00:00,2022-12-31 00:00:00,,low,,low,low,low,low,low,low,low,low,2023-09-05 00:00:00,2023-10-27 16:00:00,low
116866,Mukubu Urban Area in Malemba-Nkulu Territory,COD,transportation,road-transportation,2021-01-01 00:00:00,2021-12-31 00:00:00,,low,,low,low,low,low,low,low,low,low,2023-09-05 00:00:00,2023-10-27 16:00:00,low
116866,Mukubu Urban Area in Malemba-Nkulu Territory,COD,transportation,road-transportation,2022-01-01 00:00:00,2022-12-31 00:00:00,,low,,low,low,low,low,low,low,low,low,2023-09-05 00:00:00,2023-10-27 16:00:00,low
115425,Mulongo Urban Area in Malemba-Nkulu Territory,COD,transportation,road-transportation,2021-01-01 00:00:00,2021-12-31 00:00:00,,low,,low,low,low,low,low,low,low,low,2023-09-05 00:00:00,2023-10-27 16:00:00,low
115425,Mulongo Urban Area in Malemba-Nkulu Territory,COD,transportation,road-transportation,2022-01-01 00:00:00,2022-12-31 00:00:00,,low,,low,low,low,low,low,low,low,low,2023-09-05 00:00:00,2023-10-27 16:00:00,low
116471,Mululu Urban Area in Kabare Territory,COD,transportation,road-transportation,2021-01-01 00:00:00,2021-12-31 00:00:00,,low,,low,low,low,low,low,low,low,low,2023-09-05 00:00:00,2023-10-27 16:00:00,low
116471,Mululu Urban Area in Kabare Territory,COD,transportation,road-transportation,2022-01-01 00:00:00,2022-12-31 00:00:00,,low,,low,low,low,low,low,low,low,low,2023-09-05 00:00:00,2023-10-27 16:00:00,low
117329,Mwadingusha Urban Area in Kambove Territory,COD,transportation,road-transportation,2021-01-01 00:00:00,2021-12-31 00:00:00,,low,,low,low,low,low,low,low,low,low,2023-09-05 00:00:00,2023-10-27 16:00:00,low
117329,Mwadingusha Urban Area in Kambove Territory,COD,transportation,road-transportation,2022-01-01 00:00:00,2022-12-31 00:00:00,,low,,low,low,low,low,low,low,low,low,2023-09-05 00:00:00,2023-10-27 16:00:00,low
114188,Mweka Urban Area in Mweka Territory,COD,transportation,road-transportation,2021-01-01 00:00:00,2021-12-31 00:00:00,,low,,low,low,low,low,low,low,low,low,2023-09-05 00:00:00,2023-10-27 16:00:00,low
114188,Mweka Urban Area in Mweka Territory,COD,transportation,road-transportation,2022-01-01 00:00:00,2022-12-31 00:00:00,,low,,low,low,low,low,low,low,low,low,2023-09-05 00:00:00,2023-10-27 16:00:00,low
119999,Mwene-Ditu Urban Area in Luilu Territory,COD,transportation,road-transportation,2021-01-01 00:00:00,2021-12-31 00:00:00,,low,,low,low,low,low,low,low,low,low,2023-09-05 00:00:00,2023-10-27 16:00:00,low
119999,Mwene-Ditu Urban Area in Luilu Territory,COD,transportation,road-transportation,2022-01-01 00:00:00,2022-12-31 00:00:00,,low,,low,low,low,low,low,low,low,low,2023-09-05 00:00:00,2023-10-27 16:00:00,low
112222,Mwene-Ditu Urban Area in Mwene-Ditu Territory,COD,transportation,road-transportation,2021-01-01 00:00:00,2021-12-31 00:00:00,,low,,low,low,low,low,low,low,low,low,2023-09-05 00:00:00,2023-10-27 16:00:00,low
112222,Mwene-Ditu Urban Area in Mwene-Ditu Territory,COD,transportation,road-transportation,2022-01-01 00:00:00,2022-12-31 00:00:00,,low,,low,low,low,low,low,low,low,low,2023-09-05 00:00:00,2023-10-27 16:00:00,low
115001,N/A Urban Area in Manono (ville) Town,COD,transportation,road-transportation,2021-01-01 00:00:00,2021-12-31 00:00:00,,low,,low,low,low,low,low,low,low,low,2023-09-05 00:00:00,2023-10-27 16:00:00,low
115001,N/A Urban Area in Manono (ville) Town,COD,transportation,road-transportation,2022-01-01 00:00:00,2022-12-31 00:00:00,,low,,low,low,low,low,low,low,low,low,2023-09-05 00:00:00,2023-10-27 16:00:00,low
118997,N/A Urban Area in Poko Territory,COD,transportation,road-transportation,2021-01-01 00:00:00,2021-12-31 00:00:00,,low,,low,low,low,low,low,low,low,low,2023-09-05 00:00:00,2023-10-27 16:00:00,low
118997,N/A Urban Area in Poko Territory,COD,transportation,road-transportation,2022-01-01 00:00:00,2022-12-31 00:00:00,,low,,low,low,low,low,low,low,low,low,2023-09-05 00:00:00,2023-10-27 16:00:00,low
117399,Ndalama Urban Area in Moba Territory,COD,transportation,road-transportation,2021-01-01 00:00:00,2021-12-31 00:00:00,,low,,low,low,low,low,low,low,low,low,2023-09-05 00:00:00,2023-10-27 16:00:00,low
117399,Ndalama Urban Area in Moba Territory,COD,transportation,road-transportation,2022-01-01 00:00:00,2022-12-31 00:00:00,,low,,low,low,low,low,low,low,low,low,2023-09-05 00:00:00,2023-10-27 16:00:00,low
116187,Ngandajika Urban Area in Ngandajika (ville) Town,COD,transportation,road-transportation,2021-01-01 00:00:00,2021-12-31 00:00:00,,low,,low,low,low,low,low,low,low,low,2023-09-05 00:00:00,2023-10-27 16:00:00,low
116187,Ngandajika Urban Area in Ngandajika (ville) Town,COD,transportation,road-transportation,2022-01-01 00:00:00,2022-12-31 00:00:00,,low,,low,low,low,low,low,low,low,low,2023-09-05 00:00:00,2023-10-27 16:00:00,low
117524,Ngandajika Urban Area in Ngandajika Territory,COD,transportation,road-transportation,2021-01-01 00:00:00,2021-12-31 00:00:00,,low,,low,low,low,low,low,low,low,low,2023-09-05 00:00:00,2023-10-27 16:00:00,low
117524,Ngandajika Urban Area in Ngandajika Territory,COD,transportation,road-transportation,2022-01-01 00:00:00,2022-12-31 00:00:00,,low,,low,low,low,low,low,low,low,low,2023-09-05 00:00:00,2023-10-27 16:00:00,low
117954,Nyamilima Urban Area in Rutshuru Territory,COD,transportation,road-transportation,2021-01-01 00:00:00,2021-12-31 00:00:00,,low,,low,low,low,low,low,low,low,low,2023-09-05 00:00:00,2023-10-27 16:00:00,low
117954,Nyamilima Urban Area in Rutshuru Territory,COD,transportation,road-transportation,2022-01-01 00:00:00,2022-12-31 00:00:00,,low,,low,low,low,low,low,low,low,low,2023-09-05 00:00:00,2023-10-27 16:00:00,low
116894,Nyunzu Urban Area in Nyunzu Territory,COD,transportation,road-transportation,2021-01-01 00:00:00,2021-12-31 00:00:00,,low,,low,low,low,low,low,low,low,low,2023-09-05 00:00:00,2023-10-27 16:00:00,low
116894,Nyunzu Urban Area in Nyunzu Territory,COD,transportation,road-transportation,2022-01-01 00:00:00,2022-12-31 00:00:00,,low,,low,low,low,low,low,low,low,low,2023-09-05 00:00:00,2023-10-27 16:00:00,low
113958,Oicha Urban Area in Ocha (ville) Town,COD,transportation,road-transportation,2021-01-01 00:00:00,2021-12-31 00:00:00,,low,,low,low,low,low,low,low,low,low,2023-09-05 00:00:00,2023-10-27 16:00:00,low
113958,Oicha Urban Area in Ocha (ville) Town,COD,transportation,road-transportation,2022-01-01 00:00:00,2022-12-31 00:00:00,,low,,low,low,low,low,low,low,low,low,2023-09-05 00:00:00,2023-10-27 16:00:00,low
116913,Pacwa Urban Area in Mahagi Territory,COD,transportation,road-transportation,2021-01-01 00:00:00,2021-12-31 00:00:00,,low,,low,low,low,low,low,low,low,low,2023-09-05 00:00:00,2023-10-27 16:00:00,low
116913,Pacwa Urban Area in Mahagi Territory,COD,transportation,road-transportation,2022-01-01 00:00:00,2022-12-31 00:00:00,,low,,low,low,low,low,low,low,low,low,2023-09-05 00:00:00,2023-10-27 16:00:00,low
118995,Pinga Urban Area in Walikale Territory,COD,transportation,road-transportation,2021-01-01 00:00:00,2021-12-31 00:00:00,,low,,low,low,low,low,low,low,low,low,2023-09-05 00:00:00,2023-10-27 16:00:00,low
118995,Pinga Urban Area in Walikale Territory,COD,transportation,road-transportation,2022-01-01 00:00:00,2022-12-31 00:00:00,,low,,low,low,low,low,low,low,low,low,2023-09-05 00:00:00,2023-10-27 16:00:00,low
116532,Pweto Urban Area in Pweto Territory,COD,transportation,road-transportation,2021-01-01 00:00:00,2021-12-31 00:00:00,,low,,low,low,low,low,low,low,low,low,2023-09-05 00:00:00,2023-10-27 16:00:00,low
116532,Pweto Urban Area in Pweto Territory,COD,transportation,road-transportation,2022-01-01 00:00:00,2022-12-31 00:00:00,,low,,low,low,low,low,low,low,low,low,2023-09-05 00:00:00,2023-10-27 16:00:00,low
113840,Rubaya Urban Area in Masisi Territory,COD,transportation,road-transportation,2021-01-01 00:00:00,2021-12-31 00:00:00,,low,,low,low,low,low,low,low,low,low,2023-09-05 00:00:00,2023-10-27 16:00:00,low
113840,Rubaya Urban Area in Masisi Territory,COD,transportation,road-transportation,2022-01-01 00:00:00,2022-12-31 00:00:00,,low,,low,low,low,low,low,low,low,low,2023-09-05 00:00:00,2023-10-27 16:00:00,low
116901,Samba Urban Area in Kasongo Territory,COD,transportation,road-transportation,2021-01-01 00:00:00,2021-12-31 00:00:00,,low,,low,low,low,low,low,low,low,low,2023-09-05 00:00:00,2023-10-27 16:00:00,low
116901,Samba Urban Area in Kasongo Territory,COD,transportation,road-transportation,2022-01-01 00:00:00,2022-12-31 00:00:00,,low,,low,low,low,low,low,low,low,low,2023-09-05 00:00:00,2023-10-27 16:00:00,low
115843,Sandoa Urban Area in Sandoa Territory,COD,transportation,road-transportation,2021-01-01 00:00:00,2021-12-31 00:00:00,,low,,low,low,low,low,low,low,low,low,2023-09-05 00:00:00,2023-10-27 16:00:00,low
115843,Sandoa Urban Area in Sandoa Territory,COD,transportation,road-transportation,2022-01-01 00:00:00,2022-12-31 00:00:00,,low,,low,low,low,low,low,low,low,low,2023-09-05 00:00:00,2023-10-27 16:00:00,low
119519,Tshela Urban Area in Tshela (ville) Town,COD,transportation,road-transportation,2021-01-01 00:00:00,2021-12-31 00:00:00,,low,,low,low,low,low,low,low,low,low,2023-09-05 00:00:00,2023-10-27 16:00:00,low
119519,Tshela Urban Area in Tshela (ville) Town,COD,transportation,road-transportation,2022-01-01 00:00:00,2022-12-31 00:00:00,,low,,low,low,low,low,low,low,low,low,2023-09-05 00:00:00,2023-10-27 16:00:00,low
114995,Tshela Urban Area in Tshela Territory,COD,transportation,road-transportation,2021-01-01 00:00:00,2021-12-31 00:00:00,,low,,low,low,low,low,low,low,low,low,2023-09-05 00:00:00,2023-10-27 16:00:00,low
114995,Tshela Urban Area in Tshela Territory,COD,transportation,road-transportation,2022-01-01 00:00:00,2022-12-31 00:00:00,,low,,low,low,low,low,low,low,low,low,2023-09-05 00:00:00,2023-10-27 16:00:00,low
112526,Tshikapa Urban Area in Kamonia Territory,COD,transportation,road-transportation,2021-01-01 00:00:00,2021-12-31 00:00:00,,low,,low,low,low,low,low,low,low,low,2023-09-05 00:00:00,2023-10-27 16:00:00,low
112526,Tshikapa Urban Area in Kamonia Territory,COD,transportation,road-transportation,2022-01-01 00:00:00,2022-12-31 00:00:00,,low,,low,low,low,low,low,low,low,low,2023-09-05 00:00:00,2023-10-27 16:00:00,low
109708,Tshikapa Urban Area in Tshikapa Town,COD,transportation,road-transportation,2021-01-01 00:00:00,2021-12-31 00:00:00,,low,,low,low,low,low,low,low,low,low,2023-09-05 00:00:00,2023-10-27 16:00:00,low
109708,Tshikapa Urban Area in Tshikapa Town,COD,transportation,road-transportation,2022-01-01 00:00:00,2022-12-31 00:00:00,,low,,low,low,low,low,low,low,low,low,2023-09-05 00:00:00,2023-10-27 16:00:00,low
117398,Tshimbulu Urban Area in Tshimbulu Town,COD,transportation,road-transportation,2021-01-01 00:00:00,2021-12-31 00:00:00,,low,,low,low,low,low,low,low,low,low,2023-09-05 00:00:00,2023-10-27 16:00:00,low
117398,Tshimbulu Urban Area in Tshimbulu Town,COD,transportation,road-transportation,2022-01-01 00:00:00,2022-12-31 00:00:00,,low,,low,low,low,low,low,low,low,low,2023-09-05 00:00:00,2023-10-27 16:00:00,low
112562,Uvira Urban Area in Uvira Territory,COD,transportation,road-transportation,2021-01-01 00:00:00,2021-12-31 00:00:00,,low,,low,low,low,low,low,low,low,low,2023-09-05 00:00:00,2023-10-27 16:00:00,low
112562,Uvira Urban Area in Uvira Territory,COD,transportation,road-transportation,2022-01-01 00:00:00,2022-12-31 00:00:00,,low,,low,low,low,low,low,low,low,low,2023-09-05 00:00:00,2023-10-27 16:00:00,low
116905,Walikale Urban Area in Walikale Territory,COD,transportation,road-transportation,2021-01-01 00:00:00,2021-12-31 00:00:00,,low,,low,low,low,low,low,low,low,low,2023-09-05 00:00:00,2023-10-27 16:00:00,low
116905,Walikale Urban Area in Walikale Territory,COD,transportation,road-transportation,2022-01-01 00:00:00,2022-12-31 00:00:00,,low,,low,low,low,low,low,low,low,low,2023-09-05 00:00:00,2023-10-27 16:00:00,low
115899,Yakoma Urban Area in Yakoma Territory,COD,transportation,road-transportation,2021-01-01 00:00:00,2021-12-31 00:00:00,,low,,low,low,low,low,low,low,low,low,2023-09-05 00:00:00,2023-10-27 16:00:00,low
115899,Yakoma Urban Area in Yakoma Territory,COD,transportation,road-transportation,2022-01-01 00:00:00,2022-12-31 00:00:00,,low,,low,low,low,low,low,low,low,low,2023-09-05 00:00:00,2023-10-27 16:00:00,low
